name,address_1,address_2,city,state,zip,phone,latitude,longitude,category,website,,daycode1,day1_open,day1_close,daycode2,day2_open,day2_close,daycode3,day3_open,day3_close,daycode4,day4_open,day4_close,daycode5,day5_open,day5_close,daycode6,day6_open,day6_open,daycode7,day7_open,day7_close,Year_Round (Y/N),season_open,season_close
All Peoples Christian Center,822 E. 20th Street,,Los Angeles,CA,90011,(213)747-6357,34.0257601,-118.256703,Food Pantry,https//allpeoplescc.org/,,Fri,1200,1700,,,,,,,,,,,,,,,,,,,,,
All Saints Conference,3431 Portola Avenue,,Los Angeles,CA,90032,(323)675-4873,34.0856924,-118.1729264,Food Pantry,,,Fri2nd,1500,1700,Fri4th,1500,1700,,,,,,,,,,,,,,,,,,
All Saints Episcopal Church Highland Park,5619 Monte Vista Street,,Los Angeles,CA,90042,(323)255-6806,34.1117075,-118.1953492,Food Pantry,http//www.allsaintsla.net/,,Sat4th,0830,0900,,,,,,,,,,,,,,,,,,,,,
Altadena S.D.A. Church,2609 N. Lincoln Avenue,,Altadena,CA,91001,(626)794-3953,34.1906878,-118.1593398,Food Pantry,http//altadenasdafamily.org/,,Tue2nd,0900,1200,Tue4th,0900,1200,,,,,,,,,,,,,,,,,,
"Ananda Marga of L.A., Inc.",1245 S. Norton Avenue,,Los Angeles,CA,90019,(818)414-7737,34.0483572,-118.3238487,Food Pantry,,,Thu,0930,1030,,,,,,,,,,,,,,,,,,,,,
Ascension's Food Pantry,517 W. 112th Street,,Los Angeles,CA,90044,(323)754-2978,33.933076,-118.282984,Food Pantry,,,SatLast,0900,1100,,,,,,,,,,,,,,,,,,,,,
Baldwin Park Bilingual S.D.A.,13965 East Ramona Parkway,,Baldwin Park,CA,91706,(626)338-4828,34.085323,-117.969546,Food Pantry,,,Wed,1830,1930,,,,,,,,,,,,,,,,,,,,,
Belvue Presbyterian Church,675 E. 118th Street,,Los Angeles,CA,90059,(323)757-9188,33.9267262,-118.2624581,Food Pantry,,,Thu3rd,1000,1100,,,,,,,,,,,,,,,,,,,,,
Berean S.D.A. Church,4211 W. Adams Boulevard,,Los Angeles,CA,90018,(323)735-0228,34.0329576,-118.3310595,Food Pantry,,,Thu3rd,0900,1100,,,,,,,,,,,,,,,,,,,,,
Bethel AME Church- Richard Allen Center,7919 S.  Western Avenue,,Los Angeles,CA,90047,(323)750-3240,33.9666659,-118.309331,Food Pantry,,,Wed,0730,1130,,,,,,,,,,,,,,,,,,,,,
Bethel S.D.A. Church,1921 N. Garey Avenue,,Pomona,CA,91767,(909)630-5883,34.0812428,-117.7531627,Food Pantry,,,Sun1st,1100,1300,Sun3rd,1100,1300,,,,,,,,,,,,,,,,,,
Bethel Unspeakable Joy Christian Church,8724 S. Central Avenue,,Los Angeles,CA,90002,(323)585-5939,33.9585498,-118.256075,Food Pantry,,,Sat2nd,0800,1000,Sat4th,0800,1000,,,,,,,,,,,,,,,,,,
Bethesda Temple Church,4915 Crenshaw Boulevard,,Los Angeles,CA,90043,(323)299-2591,33.9979589,-118.3308714,Food Pantry,,,Sat4th,1300,1500,,,,,,,,,,,,,,,,,,,,,
Blessed Sacrament Food Pantry-Hope Net,6657 Sunset Blvd.,,Hollywood,CA,90028,(323)874-5577,34.0985135,-118.3351039,Food Pantry,,,Sat,0900,1200,,,,,,,,,,,,,,,,,,,,,
Blood of Jesus Prayer and Deliverance Ministry,11001 S. Broadway,,Los Angeles,CA,90061,(323)752-3048,33.935441,-118.278724,Food Pantry,,,Wed,1500,1600,,,,,,,,,,,,,,,,,,,,,
Bread of Life Community Outreach,628 South Street,,Long Beach,CA,90805,(562)428-5422,33.8584858,-118.0929072,Food Pantry,http//www.longbeachbreadoflife.com,,Wed2nd,0830,1200,Wed4th,0830,1200,,,,,,,,,,,,,,,,,,
Breath of Life S.D.A. Church,425 S. La Brea,,Inglewood,CA,90301,(310)837-8782,33.9582157,-118.3536215,Food Pantry,http//www.breathla.org,,Thu1st,1200,1500,Thu3rd,1200,1500,,,,,,,,,,,,,,,,,,
Burbank Temporary Aid Center,1304 W. Burbank Blvd.,,Burbank,CA,91506,(818)848-2822,34.1825214,-118.3260622,Food Pantry,http//www.burbanktemporaryaidcenter.org,,Mon,0900,1700,Tue,0900,1700,Wed,0900,1700,Thu,0900,1700,Fri,0900,1700,,,,,,,,,
Calvary Presbyterian Church,13560 Hawthorne Boulevard,,Hawthorne,CA,90250,(310)676-1144,33.9088461,-118.3520296,Food Pantry,http//www.calvaryhawthorne.org/Calendar.html,,Sat1st,1200,1500,,,,,,,,,,,,,,,,,,,,,
"Cathloic Charities of Los Angeles, Inc.",123 East 14th Street,,Long Beach,CA,90813,(562)591-1641,33.7840547,-118.1916668,Food Pantry,http//catholiccharitiesla.org/where-we-are/program-directory-by-city/,,Tue,0930,1500,Thu,0930,1500,,,,,,,,,,,,,,,,,,
Catholic Charities of L.A.,4665 Willow Brook Avenue,,Los Angeles,CA,90029,(213)251-3597,34.0896046,-118.2934993,Food Pantry,http//catholiccharitiesla.org/where-we-are/program-directory-by-city/,,Mon,1000,1500,Tue,1000,1500,Wed,1000,1500,Thu,1000,1500,Fri,1000,1500,,,,,,,,,
"Catholic Charities of Los Angeles, Inc.",5014 Passons Blvd,,Pico Rivera,CA,90660,(562)949-0937,33.9980359,-118.0777582,Food Pantry,http//catholiccharitiesla.org/where-we-are/program-directory-by-city/,,Mon,0900,1200,Tue,0900,1200,Wed,0900,1200,Thu,0900,1200,,,,,,,,,,,,
Catholic Charities- Brownson House,1307 Warren Street,,Los Angeles,CA,90033,((21)) 2-3514,34.0521281,-118.2201373,Food Pantry,http//catholiccharitiesla.org/where-we-are/program-directory-by-city/,,Mon,0900,1300,Tue,0900,1300,Wed,0900,1300,Thu,0900,1300,Fri,0900,1300,,,,,,,,,
Catholic Charities- Region 2,4171 Tyler Avenue,,El Monte,CA,91731,(626)575-7652,34.0827886,-118.031897,Food Pantry,,,Mon,0900,1300,Tue,0900,1300,Wed,0900,1300,Thu,0900,1300,Fri,0900,1300,,,,,,,,,
Catholic Rainbow Outreach,11419 Carmenita Road,,Whittier,CA,90605,(562)556-4449,33.9277609,-118.046881,Food Pantry,,,Mon,1500,1600,Tue,1500,1600,Wed,1500,1600,Fri,1500,1600,Sat,1500,1600,,,,,,,,,
CCC Ebenezery Parish,8803-8807 S. Broadway Street,,Los Angeles,CA,90003,(323)752-4400,33.9571095,-118.2785568,Food Pantry,,,Sat,1100,1330,,,,,,,,,,,,,,,,,,,,,
Central Filipino S.D.A. Church,777 Colorado Boulevard,,Los Angeles,CA,90041,(323)255-7718,34.1410086,-118.182682,Food Pantry,,,Tue3rd,0900,1200,,,,,,,,,,,,,,,,,,,,,
Centro Cristiano Las Buenas Nuevas,11910 Alondra Blvd.,,Norwalk,CA,90650,(562)237-3114,33.8873025,-118.0795603,Food Pantry,,,Sat3rd,1130,1300,,,,,,,,,,,,,,,,,,,,,
Centro Cristiano Manantial de vida,10035 Washington Street,,Bellflower,CA,90706,(562)481-1642,33.898644,-118.1204073,Food Pantry,,,Mon,1830,2030,,,,,,,,,,,,,,,,,,,,,
Centro de Vida International Church Movement,9251 Burnet Avenue,,North Hills,CA,91343,(818)892-2838,34.2387967,-118.4635834,Food Pantry,,,Wed,1000,1200,,,,,,,,,,,,,,,,,,,,,
Centro Palabra de Fe,107 W. Artesia Boulevard,,Compton,CA,90220,(310)632-7337,33.8749043,-118.2243445,Food Pantry,,,Sat2nd,2030,2130,SatLast,2030,2130,,,,,,,,,,,,,,,,,,
Chapel of Peace Lutheran Church,1009 N. Market Street,,Inglewood,CA,90302,(310)673-2584,33.9766895,-118.3568641,Food Pantry,,,Sat3rd,0900,1200,,,,,,,,,,,,,,,,,,,,,
Charismatic Ecumencial Ministries International,4357 West 3rd Street,,Los Angeles,CA,90020,(213)219-3228,34.0691134,-118.3094234,Food Pantry,,,Sun1st,1300,1330,Sun2nd,1300,1330,Sun3rd,1300,1330,,,,,,,,,,,,,,,
Children of the Shepherd,1076 N. El Centro Avenue,,Hollywood,CA,90038,(323)953-4000,34.0905485,-118.3243668,Food Pantry,,,Sat3rd,1100,1200,,,,,,,,,,,,,,,,,,,,,
Childrens Hospital Los Angeles,5000 Sunset Blvd. 7th Floor,,Los Angeles,CA,90027,(323)361-5981,34.0977874,-118.2986107,Food Pantry,,,Wed,1000,1100,,,,,,,,,,,,,,,,,,,,,
Chinese Community Service Center,1725 Beverly Blvd,Ste 1-B,Los Angeles,CA,90026,(323)483-3035,34.065401,-118.266495,Food Pantry,,,Sun,0900,1200,Tue,0900,1200,,,,,,,,,,,,,,,,,,
Christ Centered Ministries Church,742 N. La Brea Avenue,,Inglewood,CA,90302,(310)676-1499,33.972923,-118.357212,Food Pantry,,,Sat3rd,1000,1230,,,,,,,,,,,,,,,,,,,,,
Christ Gospel Prayer Center,4228 S. Vermont Avenue,,Los Angeles,CA,90037,(323)732-1394,34.0065425,-118.2912726,Food Pantry,,,Wed,1100,1130,,,,,,,,,,,,,,,,,,,,,
Christ the Good Shepherd Episcopal,3303 W. Vernon Avenue,,Los Angeles,CA,90008,(323)295-4139,34.0040273,-118.3297116,Food Pantry,,,Fri4th,1000,1300,,,,,,,,,,,,,,,,,,,,,
Christian Association for Social Services,5814 Venice Blvd.,,Los Angeles,CA,90019,(323)936-9481,34.0414693,-118.3661612,Food Pantry,,,Fri1st,1000,1300,Fri3rd,1000,1300,Sat1st,1000,1300,Sat3rd,1000,1300,,,,,,,,,,,,
Church of God,4161 Baldwin Park Blvd,,Baldwin Park,CA,91706,(626)968-6716,34.0873966,-117.9652924,Food Pantry,,,Sun,0900,1200,Wed,1900,2100,,,,,,,,,,,,,,,,,,
Church of the Epiphany,2808 Altura Street,,Los Angeles,CA,90031,(323)227-9931,34.0752843,-118.21285,Food Pantry,,,Fri2nd,1030,1130,Fri4th,1030,1130,,,,,,,,,,,,,,,,,,
Church of the Nazarene-Rosemead,2703 Walnut Grove Avenue,,Rosemead,CA,91770,(562)695-0019,34.0610322,-118.0823275,Food Pantry,,,Sat3rd,1000,1200,,,,,,,,,,,,,,,,,,,,,
Church of the Redeemer,3739 North Monterey Avenue,,Baldwin Park,CA,91706,(626)960-9585,34.0802977,-117.9766557,Food Pantry,,,Mon,0900,1300,Tue,2100,1300,Wed,0900,1300,Thu,2100,1300,Fri,0900,1300,Sat,2100,1300,,,,,,
Church of the Valley,6565 Vester blvd,,Van Nuys,CA,91411,(818)284-1331,34.1898566,-118.451357,Food Pantry,,,Tue,0930,1200,Wed,0930,1200,,,,,,,,,,,,,,,,,,
City of Commerce Community Center,2555 Commerce Way,,Commerce,CA,90040,(323)887-4460,34.0002991,-118.1559376,Food Pantry,,,Thu3rd,1030,1300,,,,,,,,,,,,,,,,,,,,,
City of Maywood,4319 E. Slauson Avenue,,Maywood,CA,90270,(323)562-5755,33.9878263,-118.1891261,Food Pantry,,,Thu4th,1300,1500,,,,,,,,,,,,,,,,,,,,,
City of Norwark/Department of Social Services,11929 Alondra Boulevard,,Norwalk,CA,90650,(562)929-5544,33.8879224,-118.0789232,Food Pantry,,,Mon,0800,1730,Tue,0800,1730,Wed,0800,1730,Thu,0800,1730,Fri,0800,1730,,,,,,,,,
City of Truth Ministries,"1139 E. Dominguez Street, Suite D",,Carson,CA,90746,(310)669-8300,33.8419672,-118.253889,Food Pantry,,,Sun2nd,1230,1400,Sun4th,1230,1400,,,,,,,,,,,,,,,,,,
Coast Christian Fellowship,4000 Pacific Coast Highway,,Torrance,CA,90505,(310)373-8573,33.8065814,-118.3566268,Food Pantry,http//www.coastchristian.org/,,Mon,1600,1800,,,,,,,,,,,,,,,,,,,,,
Congregational Church of Chatsworth,20440 Lassen Street,,Chatsworth,CA,91311,(818)882-3474,34.2496259,-118.5788499,Food Pantry,http//chatsworthcongregational.church/,,Sat,1600,1700,,,,,,,,,,,,,,,,,,,,,
Cornerstone Christian Ministry,11449 Sproule Avenue,,Pacoima,CA,91331,(818)993-2988,34.2782812,-118.4067452,Food Pantry,,,Thu,0900,1000,,,,,,,,,,,,,,,,,,,,,
Cory's Kitchen,1418 Arrow Highway,,Irwindale,CA,91706,(626)305-0392,34.1146127,-117.9746909,Food Pantry,http//www.coryskitchen.org/,,Tues,1800,2000,,,,,,,,,,,,,,,,,,,,,
Cory's Kitchen-Calvary Chapel Pico Rivera,8110 Paramount Boulevard,,Pico Rivera,CA,90660,(626)622-9202,33.969865,-118.1127636,Food Pantry,,,Thu2nd,1800,1930,Thu4th,1800,1930,,,,,,,,,,,,,,,,,,
Cory's Kitchen-El Sereno,4810 Huntington Drive South,,Los Angeles,CA,90032,(323)972-1330,34.0851253,-118.1796924,Food Pantry,,,Mon,1630,1830,,,,,,,,,,,,,,,,,,,,,
Cory's Kitchen-Faith Center Ministries,20470 # A Yellowbrick Road,,Walnut,CA,91789,(626)825-9441,33.999464,-117.8575384,Food Pantry,,,Wed,1600,1800,,,,,,,,,,,,,,,,,,,,,
Corys Kitchen-Iglesia Torre De Alabanza,822 Bradbourne Ave.,,Duarte,CA,91010,(626)960-4639,34.1422404,-117.9590196,Food Pantry,,,Sun1st,1700,1900,Sun3rd,1700,1900,,,,,,,,,,,,,,,,,,
Corys Kitchen-New Beginnings,"13020 Francisquito Avenue, Suite 10",,Baldwin Park,CA,91706,(626)305-0392,34.0791001,-117.9893116,Food Pantry,,,Fri,1700,1900,,,,,,,,,,,,,,,,,,,,,
Cover the Homeless Ministry,4425 S. Central Avenue,,Los Angeles,CA,90011,(323)931-5468,34.0031117,-118.2568599,Food Pantry,,,Thu4th,1200,1300,,,,,,,,,,,,,,,,,,,,,
Crenshaw Baptist Church,18749 Crenshaw Boulevard,,Torrance,CA,90504,(310)323-2115,33.8599467,-118.3274219,Food Pantry,,,Wed2nd,0900,1300,,,,,,,,,,,,,,,,,,,,,
Crenshaw United Methodist Church,3740 Don Felipe Drive,,Los Angeles,CA,90008,(323)292-0141,34.0068523,-118.3408663,Food Pantry,,,Sat3rd,1000,1200,,,,,,,,,,,,,,,,,,,,,
Crusaders for Christ Baptist Church,3200 W. Temple Street,,Los Angeles,CA,90026,(323)681-3569,34.0752651,-118.2816342,Food Pantry,,,Fri,1530,1700,,,,,,,,,,,,,,,,,,,,,
CUSH Foundation,2343 N. San Antonio Avenue,,Pomona,CA,91767,(909)621-5369,34.0852934,-117.7371539,Food Pantry,,,Thu2nd,0930,1300,Thu4th,0930,1300,,,,,,,,,,,,,,,,,,
Dae Hueng Presbyterian Church,15411 S. Figueroa Street,,Gardena,CA,90248,(310)719-2244,33.8913189,-118.2836487,Food Pantry,,,Sat3rd,0900,1100,,,,,,,,,,,,,,,,,,,,,
Do Right Christian Church,9815 S. Vermont Avenue,,Los Angeles,CA,90044,(323)755-1053,33.9463608,-118.2920482,Food Pantry,,,Sat1st,0830,1030,Sat2nd,0830,1030,Sat4th,0830,1030,,,,,,,,,,,,,,,
Door of Hope Community Center,1414 South Atlantic Blvd.,,Los Angeles,CA,90022,(323)262-2777,34.012313,-118.1590196,Food Pantry,,,Tues,0900,1100,Thu,0900,1100,,,,,,,,,,,,,,,,,,
Dos Testamentos En El Desierto,9845 E Palmdale Boulevard,,Palmdale,CA,93591,(661)433-1186,34.5803299,-117.952611,Food Pantry,,,Wed,1930,2030,Sat,0815,1030,Sat,1930,2030,Sun,1030,1200,,,,,,,,,,,,
East L.A. Bilingual S.D.A. Church,700 Hoefner Avenue,,Los Angeles,CA,90022,(323)633-4734,34.0209372,-118.1493743,Food Pantry,,,Wed1st,1730,1830,Wed3rd,1730,1830,Sat,1200,1245,,,,,,,,,,,,,,,
East LA Community Corporation,611 S. Lorena Street,,Los Angeles,CA,90033,(323)269-4214,34.030634,-118.199474,Food Pantry,,,Fri3rd,0900,1100,,,,,,,,,,,,,,,,,,,,,
East Palmdale Foursquare,"1817 E. Avenue Q., A-6",,Palmdale,CA,93550,(661)874-8788,34.5672827,-118.0960249,Food Pantry,,,SatLast,0830,1000,,,,,,,,,,,,,,,,,,,,,
East San Gabriel Valley Coalition For the Homeless,1345 Turnbull Canyon Blvd.,,Hacienda Heights,CA,91745,(626)333-.726,34.0112629,-117.980451,Food Pantry,,,Mon,0830,1330,Tue,0830,1330,Wed,0830,1330,Thu,0830,1330,Fri,0830,1330,,,,,,,,,
Eastmont Community Center,701 Hoefner Avenue,,Los Angeles,CA,90022,(323)726-7998,34.0209713,-118.1500876,Food Pantry,,,Mon,0900,1100,Tue,0900,1100,Wed,0900,1100,,,,,,,,,,,,,,,
Eastmont S.D.A. Spanish Church,1021 Westside Drive,,Los Angeles,CA,90022,(323)396-7729,34.0136274,-118.1376064,Food Pantry,,,Mon,1930,2000,,,,,,,,,,,,,,,,,,,,,
Echo Park United Methodist,1226 N. Alvarado Boulevard,,Los Angeles,CA,90026,(323)731-5472,34.0787092,-118.2624834,Food Pantry,,,Wed,1400,1700,,,,,,,,,,,,,,,,,,,,,
Ecumenical Council of Pasadena Area Congregations,444 East Washington Boulevard,,Pasadena,CA,91104,(626)797-2402,34.1687151,-118.1413359,Food Pantry,,,Tues,0900,1500,Wed,0900,1500,,,,,,,,,,,,,,,,,,
Ed & Frankie Benson Evangelistic Ministries,4232 West Ave. L,,Quartz Hill,CA,93536,(661)943-1148,34.659707,-118.2068055,Food Pantry,,,Tue3rd,1200,1300,,,,,,,,,,,,,,,,,,,,,
El Monte/South Emergency,10900 Mulhall Street,,South El Monte,CA,91731,(626)444-7269,34.0888812,-118.0288381,Food Pantry,,,Mon,0800,1700,Tue,0800,1700,Wed,0800,1700,Thu,0800,1700,Fri,0800,1700,,,,,,,,,
"Eliza Shanks Homes, Inc.",13055 Weidner Street,,Pacoima,CA,91331,(818)896-9304,34.2772191,-118.4173919,Food Pantry,,,Fri4th,0900,1700,,,,,,,,,,,,,,,,,,,,,
Esmirna Pentecostal Church,5414 N. Figueroa Street,,Los Angeles,CA,90042,(323)254-0191,34.1072082,-118.196609,Food Pantry,,,Fri,1600,1800,,,,,,,,,,,,,,,,,,,,,
Estelle Van Meter Multipurpose,7600 S. Avalon Boulevard,,Los Angeles,CA,90003,(323)753-3881,33.9709509,-118.2648597,Food Pantry,,,Wed1st,1030,1130,Wed3rd,1030,1130,,,,,,,,,,,,,,,,,,
Estrada Courts Community Center,3232 Hunter Street,,Los Angeles,CA,90023,(323)641-8943,34.0211079,-118.2082908,Food Pantry,,,Wed2nd,0800,1000,Wed4th,0800,1000,,,,,,,,,,,,,,,,,,
Evergreen Baptist Church of San Gabriel Valley,323 Workman Mill Road,,La Puente,CA,91746,(626)363-0300,34.0435729,-117.9991561,Food Pantry,,,Fri1st,1200,1500,Fri3rd,1200,1500,,,,,,,,,,,,,,,,,,
Family Church Whittier,8434 S. Greenleaf Avenue,,Whittier,CA,90602,(626)893-1236,33.9627706,-118.0395279,Food Pantry,http//familychurch.co/,,Sun,1015,1045,Sun,1215,1230,Sun,1345,1415,,,,,,,,,,,,,,,
Family Mennonite Church,6520 S. Normandie Avenue,,Los Angeles,CA,90044,(323)750-1744,33.9799881,-118.2999294,Food Pantry,,,Sun2nd,1300,1330,,,,,,,,,,,,,,,,,,,,,
Fifty Fourth Street S.D.A. Church,1973 West 54th Street,,Los Angeles,CA,90062,(323)292-2762,33.9935442,-118.3134514,Food Pantry,http//54stsda.org/,,Tue2nd,0800,1000,Tue4th,0800,1000,,,,,,,,,,,,,,,,,,
Figueroa Church of Christ,455 W. 57th Street,,Los Angeles,CA,90037,(323)753-2536,33.9908748,-118.2822084,Food Pantry,http//www.figueroacoc.com/,,Tue,0730,1100,,,,,,,,,,,,,,,,,,,,,
Filipino Baptist Fellowship of Long Beach,2155 Atlantic Avenue,,Long Beach,CA,90806,(310)212-5175,33.7963363,-118.1853545,Food Pantry,,,Sat3rd,1000,1300,,,,,,,,,,,,,,,,,,,,,
Filipino Christian Church,301 N. Union Avenue,,Los Angeles,CA,90026,(213)483-5821,34.0676498,-118.2644293,Food Pantry,,,Sat,1000,1050,,,,,,,,,,,,,,,,,,,,,
First African Methodist Episcopal Church,2270 S. Harvard Boulevard,,Los Angeles,CA,90018,(323)735-1251,34.0344082,-118.3061942,Food Pantry,http//www.famechurch.org/,,Sat4th,0900,1200,,,,,,,,,,,,,,,,,,,,,
First Baptist Church-Hope Net,760 S. Westmoreland Avenue,,Los Angeles,CA,90005,(213)384-2151,34.0582323,-118.2886022,Food Pantry,http//fbcofla.org/community-outreach/hope-net/,,Fri,0800,0930,,,,,,,,,,,,,,,,,,,,,
First Church of the Nazarene-Altadena,9 W. Mendocino Street,,Altadena,CA,91001,(626)798-2361,34.1915246,-118.1491785,Food Pantry,,,Thu1st,1400,1600,Thu3rd,1400,1600,,,,,,,,,,,,,,,,,,
First Church of the Nazarene-Pasadena,3700 E. Sierra Madre Boulevard,,Pasadena,CA,91107,(626)351-9631,34.1609763,-118.0739988,Food Pantry,http//www.paznaz.org/,,Wed,1400,1600,,,,,,,,,,,,,,,,,,,,,
First Lutheran Church of Inglewood,600 West Queen Street,,Inglewood,CA,90301,(310)674-5103,33.9624612,-118.3665755,Food Pantry,http//firstlutheranofinglewood.org/,,Thu2nd,1000,1130,Thu4th,1000,1130,,,,,,,,,,,,,,,,,,
First Missionary Baptist Church,37721 N. 100th Street East,,Sun Villiage,CA,93543,(661)944-4128,34.56754,-117.953277,Food Pantry,http//www.livingstonecathedral.org/index.php,,Wed2nd,1100,1300,Wed4th,1100,1300,,,,,,,,,,,,,,,,,,
First New Christian Fellowship,1555 W. 108th Street,,Los Angeles,CA,90047,(323)756-2541,33.9384572,-118.3040285,Food Pantry,,,Thu,0900,1100,,,,,,,,,,,,,,,,,,,,,
First Presbyterian Church,1809 West Boulevard.,,Los Angeles,CA,90019,(323)935-5204,34.0405644,-118.3372555,Food Pantry,http//fpcofla.org/,,Sun3rd,1300,1400,Sat,0900,1100,,,,,,,,,,,,,,,,,,
First Southern Baptist Church of Hollywood,1528 N. Wilton Place,,Hollywood,CA,90028,(323)466-9631,34.0991321,-118.3132449,Food Pantry,http//firstsouthernbaptist.church/,,Sat1st,1200,1300,,,,,,,,,,,,,,,,,,,,,
First Unitarian Church-Hope Net,2936 W. 8th Street,,Los Angeles,CA,90005,(213)389-1356,34.0574918,-118.2904201,Food Pantry,http//uula.org/,,Sat,0800,1000,,,,,,,,,,,,,,,,,,,,,
First United Methodist Church of La Puente,15701 E. Hill Street,,La Puente,CA,91744,(626)336-1927,34.0325929,-118.2662632,Food Pantry,,,SunLast,1000,1230,,,,,,,,,,,,,,,,,,,,,
Food Net- East Los Angeles Center,133 N. Sunol Drive,,Los Angeles,CA,90063,(323)260-2801,34.0370429,-118.1792254,Food Pantry,http//wdacs.lacounty.gov/service-locations/east-los-angeles-service-center/,,Mon,0930,1200,Mon,1330,1600,Thu,0930,1200,Fri,1330,1600,,,,,,,,,,,,
Food Net-Asian Service Center,14112 S. Kingsley Drive,,Gardena,CA,90249,(310)217-7300,33.90287,-118.30389,Food Pantry,,,Mon,0800,1600,Tue,0800,1600,Wed,0800,1600,Thu,0800,1600,Fri,0800,1600,,,,,,,,,
Food Net-Centro Maravilla,4716 E. Cesar Chavez Avenue,,Los Angeles,CA,90022,(323)260-2804,34.0402137,-118.1643033,Food Pantry,,,Mon,0800,1600,Tue,0800,1600,Fri,0800,1600,,,,,,,,,,,,,,,
Food Net-East Rancho Dominguez,4513 E. Compton Boulevard,,Compton,CA,90221,(310)603-7401,33.8964368,-118.1927524,Food Pantry,,,Fri2nd,0800,1000,Fri4th,0800,1000,,,,,,,,,,,,,,,,,,
Food Net-Florence Firestone Center,7807 S. Compton Avenue,,Los Angeles,CA,90001,(323)586-6502,33.9677438,-118.2480784,Food Pantry,,,Tue2nd,0900,1300,,,,,,,,,,,,,,,,,,,,,
Food Net-Los Nietos Service Center,11640 W. Slauson Avenue,,Whittier,CA,90606,(562)699-9898,33.9643446,-118.0676089,Food Pantry,,,Thu,1100,1400,Fri,1300,1330,Fri,1430,1600,,,,,,,,,,,,,,,
Food Net-San Gabriel Valley Center,1441 Santa Anita Avenue,,South El Monte,CA,91733,(626)575-5431,34.0451612,-118.0455444,Food Pantry,,,Wed,0830,1030,,,,,,,,,,,,,,,,,,,,,
Food Net-San Pedro Service Center,769 W. Third Street,,San Pedro,CA,90731,(310)519-6091,33.7412554,-118.2938035,Food Pantry,,,Tue2nd,1400,1630,Wed,1400,1630,Thu,1400,1630,Fri,1400,1630,,,,,,,,,,,,
Food Net-Santa Clarita Service Center,24271 Main Street,,Newhall,CA,91321,(661)254-0070,34.3783287,-118.5278635,Food Pantry,,,Mon,0900,1600,Tue,0900,1600,Wed,0900,1600,Thu,0900,1600,Fri,0900,1600,,,,,,,,,
Food Net-Willowbrook Senior Center,12915 Jarvis Avenue,,Los Angeles,CA,90061,(310)217-5650,33.9150672,-118.2722211,Food Pantry,,,Wed2nd,1000,1200,Wed4th,1000,1200,,,,,,,,,,,,,,,,,,
Foothill Unity Center,415 W. Chestnut Avenue,,Monrovia,CA,91016,(626)359-1777,34.1427592,-118.0081715,Food Pantry,,,Mon,1300,1530,Wed,0900,1130,Fri,0900,1130,,,,,,,,,,,,,,,
Fred Jordan Mission,445  Towne Avenue,,Los Angeles,CA,90013,(213)489-7763,34.0433355,-118.2419919,Food Pantry,,,Mon,1200,1300,Tue,1200,1300,Wed,1200,1300,Thu,1200,1300,Fri,1200,1300,,,,,,,,,
Fuller Theological Seminary,135 North Oakland Avenue,,Pasadena,CA,91101,(626)584-5433,34.148218,-118.1404603,Food Pantry,,,Wed,1200,1500,,,,,,,,,,,,,,,,,,,,,
Gardena S.D.A. Church,16113 S. Denker Avenue,,Gardena,CA,90247,(310)324-3992,33.8844546,-118.3048366,Food Pantry,,,Sat1st,1500,1800,Sat3rd,1500,1800,,,,,,,,,,,,,,,,,,
Gardena Valley Assembly of God,1473 W. 182nd Street,,Gardena,CA,90248,(310)329-6933,33.8659794,-118.3018567,Food Pantry,,,Sun,1230,1330,,,,,,,,,,,,,,,,,,,,,
Glendale Filipino S.D.A. Church,310 E. Chestnut Street,,Glendale,CA,91205,(818)543-0110,34.1395829,-118.2520609,Food Pantry,,,Wed2nd,1100,1200,,,,,,,,,,,,,,,,,,,,,
Good News Central Church,3500 West 1st Street,,Los Angeles,CA,90004,(213)386-0097,34.0731603,-118.2896203,Food Pantry,,,Sat,1000,1100,,,,,,,,,,,,,,,,,,,,,
Good News Missionary Baptist Church,2400 W. Vernon Ave,,Los Angeles,CA,90008,(323)292-3589,34.003407,-118.319388,Food Pantry,,,Thu2nd,1100,1300,Thu4th,1100,1300,,,,,,,,,,,,,,,,,,
Good News Prayer Center,1722 East Firestone Boulevard,,Los Angeles,CA,90001,(323)753-0117,33.9599573,-118.2423524,Food Pantry,,,Sat3rd,1000,1200,,,,,,,,,,,,,,,,,,,,,
Gospel Mission Baptist Church,7301 S. Avalon Boulevard,,Los Angeles,CA,90003,(323)759-8087,33.9735936,-118.2655739,Food Pantry,,,Wed4th,1100,1200,,,,,,,,,,,,,,,,,,,,,
Grace Evangelical Free Church of La Mirada,12717 Santa Gertrudes Avenue,,La Mirada,CA,90638,(562)943-3791,33.915754,-117.995356,Food Pantry,,,Fri,1600,1800,,,,,,,,,,,,,,,,,,,,,
Grace Presbyterian Church,1500 N. Ave 53,,Los Angeles,CA,90042,(818)957-8090,34.1213022,-118.1999599,Food Pantry,,,Fri2nd,0930,1030,Fri4th,0930,1030,,,,,,,,,,,,,,,,,,
"Grace Resource Center, Inc.",45134 N. Sierra Hwy.,,Lancaster,CA,93534,(661)940-5272,34.7030069,-118.137309,Food Pantry,,,Tue,1000,1100,Tue,1300,1400,Wed,1000,1100,Wed,1000,1100,Thu,1000,1100,Thu,1300,1400,,,,,,
Greater Emmanuel M.B.C.,3727 West 111th Place,,Inglewood,CA,90303,(310)677-9916,33.934083,-118.3384028,Food Pantry,,,Sat1st,0900,1200,,,,,,,,,,,,,,,,,,,,,
Greater New Morning Star Baptist Church,210 W. Florence Avenue,,Los Angeles,CA,90003,(323)529-4446,33.9745963,-118.2767182,Food Pantry,,,Sat,0800,1100,,,,,,,,,,,,,,,,,,,,,
Greater New Unity Baptist Church,9719 S. Avalon Boulevard,,Los Angeles,CA,90003,(323)757-5094,33.9476946,-118.2655116,Food Pantry,,,Sat3rd,0830,1000,,,,,,,,,,,,,,,,,,,,,
Guadalupe Food Program,4018 East Hammel Street,,Los Angeles,CA,90063,(323)261-8051,34.0421266,-118.1794177,Food Pantry,,,Wed2nd,0700,0900,Wed4th,0700,0900,,,,,,,,,,,,,,,,,,
H.O.P.E. Helping Other People Excel,11163 S. Central Avenue,,Los Angeles,CA,90059,(323)567-8524,33.933305,-118.254577,Food Pantry,,,Fri,0900,1100,,,,,,,,,,,,,,,,,,,,,
Hank Lacayo Youth & Family Center,7915 Van Nuys Boulevard,,Panorama City,CA,91402,(818)644-9970,34.2147105,-118.4490873,Food Pantry,,,Thu,1600,1800,,,,,,,,,,,,,,,,,,,,,
Harbor Christian Center,1602 N. Wilmington Blvd,,Wilmington,CA,90744,(310)835-5661,33.7950143,-118.2748789,Food Pantry,,,Wed1st,1800,1930,Wed3rd,1800,1930,,,,,,,,,,,,,,,,,,
Hawaiian Gardens Food Bank,21411 Norwalk Blvd.,,Hawaiian Gardens,CA,90716,(562)860-9097,33.8348574,-118.0723646,Food Pantry,,,Wed,1400,1800,Thu,0930,1530,,,,,,,,,,,,,,,,,,
Heavenly Vision Church of God in Christ,841 W. 85th Street,,Los Angeles,CA,90044,(323)245-2651,33.9614457,-118.288536,Food Pantry,,,Fri4th,1200,1400,,,,,,,,,,,,,,,,,,,,,
"Helping Hands, Caring Hearts Ministry",1750 W. Holt Avenue,,Pomona,CA,91768,(909)620-1601,34.0609388,-117.7800069,Food Pantry,,,Sun,1630,1730,,,,,,,,,,,,,,,,,,,,,
"Helping In Services, Inc.",1535 Gundry Avenue,,Long Beach,CA,90813,(562)591-8778,33.7868869,-118.1744206,Food Pantry,,,Tue,0930,1200,Tue,1330,1530,Thu,0930,1200,Thu,1330,1530,,,,,,,,,,,,
His Helping Hands,25501 Oak Street,,Lomita,CA,90717,(310)326-2757,33.7919156,-118.3176793,Food Pantry,,,Thu2nd,1800,1900,Thu4th,1800,1900,,,,,,,,,,,,,,,,,,
HOAP Inc.,5014 S. Avalon Boulevard,,Los Angeles,CA,90011,(323)232-7256,33.9970819,-118.2650011,Food Pantry,,,Thu,0930,1130,,,,,,,,,,,,,,,,,,,,,
Hollywood Community Housing,5020 W. Santa Monica Boulevard,,Hollywood,CA,90029,(323)469-0710,34.0904073,-118.2988528,Food Pantry,,,Thu,1530,1730,Fri,1130,1330,,,,,,,,,,,,,,,,,,
Hollywood Lutheran Church,1733 N. New Hampshire Ave.,,Hollywood,CA,90027,(323)667-1212,34.102841,-118.2936174,Food Pantry,,,Wed,1100,1230,,,,,,,,,,,,,,,,,,,,,
Hollywood West Tenant Action Committee,5823 Willoughby Avenue,,Los Angeles,CA,90038,(323)461-4957,34.0873928,-118.3231596,Food Pantry,,,Fri3rd,1600,1800,,,,,,,,,,,,,,,,,,,,,
Holy Cross Center,104 W. 47th Place,,Los Angeles,CA,90037,(323)232-3333,33.9997088,-118.2742456,Food Pantry,,,Mon,0900,1100,Wed,0900,1100,Fri,0900,1100,,,,,,,,,,,,,,,
Holy Family Giving Bank,1524 Fremont Avenue,,South Pasadena,CA,91030,(626)403-6140,34.1080192,-118.1527363,Food Pantry,,,Mon,0900,1045,,,,,,,,,,,,,,,,,,,,,
Holy Trinity Church of God in Christ,9706 S. Broadway Boulevard,,Los Angeles,CA,90003,(323)777-2965,33.9481075,-118.2778577,Food Pantry,,,Sat,1200,1400,,,,,,,,,,,,,,,,,,,,,
Hope Chapel Foursquare Church,2420 Pacific Coast Highway,,Hermosa Beach,CA,90254,(310)374-4673,33.8715292,-118.3942418,Food Pantry,,,Wed,0900,1200,Wed,1300,1600,Fri,0900,1200,Fri,1300,1600,,,,,,,,,,,,
Hope Chapel Lancaster,6015 W Avenue J8,,Quartz Hill,CA,93536,(661)943-1074,34.6826776,-118.2371694,Food Pantry,,,Fri,0930,1100,,,,,,,,,,,,,,,,,,,,,
Hope International Bible Fellowship,4903 Fountain Avenue,,Los Angeles,CA,90029,(323)663-9394,34.0955984,-118.296546,Food Pantry,,,Sat2nd,0900,1000,,,,,,,,,,,,,,,,,,,,,
Houses of Light Church Corporation,19359 Londelius Street,,Northridge,CA,91324,(818)998-2931,34.2304245,-118.5557989,Food Pantry,,,Sat,0700,0730,,,,,,,,,,,,,,,,,,,,,
Hurting & Hungry,8107 Loyola Boulevard,,Los Angeles,CA,90045,(213)268-4820,33.9643479,-118.416965,Food Pantry,,,Tue,1000,1200,,,,,,,,,,,,,,,,,,,,,
Iglesia Bautista Renacer,15950 Chatsworth St.,,Granada Hills,CA,91344,(818)277-9982,34.264075,-118.479712,Food Pantry,,,Wed,1600,1700,,,,,,,,,,,,,,,,,,,,,
Iglesia Cristiana El Shaddai USA,5518 S. Broadway,,Los Angeles,CA,90037,(323)235-5988,33.9921017,-118.2779982,Food Pantry,,,Fri,1930,2100,,,,,,,,,,,,,,,,,,,,,
Iglesia de la Comunidad Presbyterian Church,115 N. Ave 53,,Los Angeles,CA,90042,(323)257-4352,34.1073922,-118.1981957,Food Pantry,,,Thu1st,1030,1130,Thu3rd,1030,1130,,,,,,,,,,,,,,,,,,
Iglesia Evangelica Camino de Santidad,958 N. Maclay Ave,,San Fernando,CA,91340,(818)898-3848,34.2931026,-118.4273834,Food Pantry,,,Mon,1900,2100,,,,,,,,,,,,,,,,,,,,,
Iglesia Fuente de Vida Community Center,11134 Saticoy Street,,Sun Valley,CA,91352,(818)765-0705,34.2082145,-118.3738402,Food Pantry,,,Sun,1230,1300,Tue,0900,1000,Wed,0900,1000,,,,,,,,,,,,,,,
Iglesia la Puerta Abierta,5017 E. Olympic Boulevard,,Los Angeles,CA,90022,(323)261-8397,34.0173349,-118.1621792,Food Pantry,,,Wed,1900,1930,,,,,,,,,,,,,,,,,,,,,
Iglesia Macedonia Defenders of the Christian Faith,9228 S. Central Avenue,,Los Angeles,CA,90002,(323)804-6615,33.952555,-118.255771,Food Pantry,,,Tue,1900,2000,,,,,,,,,,,,,,,,,,,,,
Iglesia Pentecostes Roca de Salvacion,122 South Evergreen Avenue,,Los Angeles,CA,90033,(323)832-5313,34.0396969,-118.202409,Food Pantry,,,Sun,1300,1400,Sat,1500,1600,,,,,,,,,,,,,,,,,,
Iglesia Pentecostes Templo Calvario,8824 Long Beach Boulevard,,South Gate,CA,90280,(310)713-1428,33.956026,-118.220037,Food Pantry,,,Sun,1300,1500,Tue,1900,2100,,,,,,,,,,,,,,,,,,
Iglesia Piedra Angular,2110 W. Francisquito Avenue,,West Covina,CA,91790,(626)833-8141,34.0597225,-117.9630247,Food Pantry,,,Thu2nd,1930,2015,,,,,,,,,,,,,,,,,,,,,
Iglesia Un Renuevo,13216 Fairford Ave.,,Norwalk,CA,90650,(562)743-4611,33.9109635,-118.0946044,Food Pantry,,,Fri3rd,1500,2000,,,,,,,,,,,,,,,,,,,,,
Imani Economic & Community Development Corporation,510 W. Monterey Avenue,,Pomona,CA,91768,(909)620-9161,34.0602663,-117.7569861,Food Pantry,,,Sat3rd,1100,1230,,,,,,,,,,,,,,,,,,,,,
Imani Unidos A.I.D.S. Project,1713 W. 108th Street,,Los Angeles,CA,90047,(323)754-8453,33.9385863,-118.3074812,Food Pantry,,,Tue2nd,1000,1300,Tue4th,1000,1300,Wed4th,1000,1300,Thu4th,1000,1300,,,,,,,,,,,,
Immaculate Heart of Mary-Hope Net,4954 Santa Monica Boulevard,,Los Angeles,CA,90029,(323)660-0034,34.0905787,-118.2976765,Food Pantry,,,Mon,1100,1200,,,,,,,,,,,,,,,,,,,,,
Immanuel Presbyterian Church-Hope Net,3300 Wilshire Blvd,,Los Angeles,CA,90010,(213)389-3191,34.0614542,-118.294485,Food Pantry,,,Sat,0930,1130,,,,,,,,,,,,,,,,,,,,,
Imperial Church of Christ,11316 S. San Pedro Street,,Los Angeles,CA,90061,(323)756-0360,33.9315622,-118.2691607,Food Pantry,,,Sat,0700,0830,,,,,,,,,,,,,,,,,,,,,
Inglewood Church of Christ,323 S. Eucalyptus Ave.,,Inglewood,CA,90301,(310)674-7690,33.9595172,-118.3598898,Food Pantry,,,Fri3rd,1000,1200,,,,,,,,,,,,,,,,,,,,,
Inglewood Southside Christian Church,3947 W. 104th Street,,Inglewood,CA,90303,(310)677-0446,33.9421196,-118.3433323,Food Pantry,,,Sat2nd,1000,1300,,,,,,,,,,,,,,,,,,,,,
Inland Valley Hope Partners,209 W. Pearl Street,,Pomona,CA,91768,(909)622-7278,34.0649162,-117.7523806,Food Pantry,,,Mon,1400,1600,Wed,1400,1600,Fri,1400,1600,,,,,,,,,,,,,,,
Interfaith Food Center,11819 Burke Street,,Sante Fe Springs,CA,90670,(562)903-1478,33.962938,-118.0650479,Food Pantry,,,Mon,0830,1200,Tue,1630,1900,Tue,0830,1200,Thu,0830,1200,Fri,0830,1200,,,,,,,,,
International Families Association,"1741 Gardena Avenue, Suite E",,Glendale,CA,91204,(818)770-0779,34.1227497,-118.2575547,Food Pantry,,,Mon,1500,1800,,,,,,,,,,,,,,,,,,,,,
Islamic Center of Southern CA-Hope Net,434 S. Vermont Boulevard,,Los Angeles,CA,90020,(213)382-9200,34.0664143,-118.291309,Food Pantry,,,Sat,1100,1200,,,,,,,,,,,,,,,,,,,,,
Jesus Christ the Reedemer Center,755 E. 223rd Street,,Carson,CA,90745,(424)264-9875,33.8244169,-118.2620021,Food Pantry,,,Sat,1100,1130,,,,,,,,,,,,,,,,,,,,,
Jesus is the Answer Apostolic Church,"25100 S. Normandie Ave, Suite A",,Harbor City,CA,90710,(310)667-0147,33.7965619,-118.2966541,Food Pantry,,,Wed3rd,1200,1600,,,,,,,,,,,,,,,,,,,,,
JFS/SOVA Community Food & Resource Program Valley,16439 Vanowen Street,,Van Nuys,CA,91406,(818)988-7682,34.1942489,-118.491725,Food Pantry,https//www.jfsla.org/page.aspx?pid=300,,Sun,0900,1200,Mon,1000,1330,Tue,1000,1330,Wed,1000,1330,Thu,1000,1330,,,,,,,,,
JFS/SOVA Community Food & Resource Program West,8846 W Pico Blvd,,Los Angeles,CA,91406,(818)988-7682,34.1942489,-118.491725,Food Pantry,https//www.jfsla.org/page.aspx?pid=300,,Sun,0900,1200,Mon,1000,1330,Tue,1000,1330,Wed,1000,1330,Thu,1000,1330,,,,,,,,,
Khalsa Care Foundation,9989 Laurel Canyon Blvd.,,Pacoima,CA,91331,(805)402-5050,34.2511562,-118.4252181,Food Pantry,,,Fri,1800,1900,,,,,,,,,,,,,,,,,,,,,
Koreatown Multipurpose Senior,2147 W. Washington Boulevard,,Los Angeles,CA,90018,(213)247-cell,34.0399577,-118.3075101,Food Pantry,,,Tue,0830,1130,,,,,,,,,,,,,,,,,,,,,
La Puente Spanish S.D.A. Church,18047 Valley Boulevard,,La Puente,CA,91744,(626)912-9408,34.0065174,-117.9088863,Food Pantry,,,Tue,2030,2100,,,,,,,,,,,,,,,,,,,,,
La Voz Sylmar S.D.A. Church,13550 Herron Street,,Sylmar,CA,91342,(951)318-4420,34.313473,-118.427859,Food Pantry,,,Thu,1830,2030,,,,,,,,,,,,,,,,,,,,,
Lady Bug Ministry,14725 Gramercy Place,,Gardena,CA,90247,((32)) 7-3748,33.897334,-118.314122,Food Pantry,,,TueLast,0900,1000,,,,,,,,,,,,,,,,,,,,,
Lawrence Ministries,12441 E. Farlow Street,,Hawaiian Gardens,CA,90716,(310)764-4104,33.832877,-118.066341,Food Pantry,,,Sat3rd,1000,1400,,,,,,,,,,,,,,,,,,,,,
Life Deliverance Ministries,9120 S. Western Avenue,,Los Angeles,CA,90044,(562)607-8780,33.9538569,-118.3087286,Food Pantry,,,Sat,0800,1100,,,,,,,,,,,,,,,,,,,,,
Lifeline Community Services & Economic Development,2556 N. Lake Avenue,,Altadena,CA,91001,(626)797-3585,34.1896939,-118.1310706,Food Pantry,,,Wed2nd,1200,1400,Wed4th,1200,1400,,,,,,,,,,,,,,,,,,
Lincoln Avenue Baptist Church,1180 North Lincoln Avenue,,Pasadena,CA,91103,(626)798-9163,34.1664331,-118.1592865,Food Pantry,,,Wed3rd,1000,1200,,,,,,,,,,,,,,,,,,,,,
Living Hope Community Partnership,18500 Farjardo Street,,Rowland Heights,CA,91748,(714)202-7333,33.979196,-117.902383,Food Pantry,,,Sat1st,0900,1100,Sat3rd,0900,1100,,,,,,,,,,,,,,,,,,
Living Springs Foursquare Church,17134 E. Ave O,,Palmdale,CA,93591,(661)264-1717,34.616048,-117.824428,Food Pantry,,,Wed1st,0800,1000,Wed3rd,0800,1000,Wed4th,0800,1000,,,,,,,,,,,,,,,
Living Truth Christian Fellowship,5873 S. Normandie Avenue,,Los Angeles,CA,90044,(323)290-3909,33.9877081,-118.3002282,Food Pantry,,,Tue3rd,1130,1330,Tue4th,1130,1330,,,,,,,,,,,,,,,,,,
Loaves & Fishes-Canoga Park,21600 Hart Street,,Canoga Park,CA,91303,(818)340-2050,34.1973704,-118.6002723,Food Pantry,,,Mon,0900,1200,Wed,0900,1200,Fri,0900,1200,,,,,,,,,,,,,,,
Loaves & Fishes-Glendale,4322 San Fernando Road,,Glendale,CA,91204,(818)409-3080,34.1316156,-118.261043,Food Pantry,,,Mon,1000,1530,Tue,1000,1530,Wed,1000,1530,Fri,1000,1530,,,,,,,,,,,,
Loaves & Fishes-Van Nuys,14640 Keswick,,Van Nuys,CA,91405,(818)997-0943,34.2100101,-118.4523896,Food Pantry,,,Mon,1000,130,Wed,1000,1330,Fri,1000,1330,,,,,,,,,,,,,,,
Los Angeles Boys & Girls Club,2635 Pasadena Avenue,,Los Angeles,CA,90031,(323)221-9111,34.0779999,-118.215668,Food Pantry,,,Thu,1700,1800,,,,,,,,,,,,,,,,,,,,,
Los Angeles Central City S.D.A. Church,650 W. 21st Street,,Los Angeles,CA,90007,((21)) 7-9646,34.0327067,-118.2752257,Food Pantry,,,Tue3rd,1200,1400,,,,,,,,,,,,,,,,,,,,,
Los Angeles First Church of the Nazarene-Hope Net,3401 W. 3rd Street,,Los Angeles,CA,90020,(213)385-6345,34.0693363,-118.2898538,Food Pantry,,,Fri,1600,1800,,,,,,,,,,,,,,,,,,,,,
Los Angeles Housing Partnership,2614 W. 7th Street,,Los Angeles,CA,90057,(213)629-9172,34.0586006,-118.2826812,Food Pantry,,,FriLast,1600,1700,,,,,,,,,,,,,,,,,,,,,
Love & Faith Christian Center,8505 S. Western Avenue,,Los Angeles,CA,90047,(323)753-8300,33.9606268,-118.3093646,Food Pantry,,,Mon,0830,1000,Fri,0830,1000,,,,,,,,,,,,,,,,,,
Loveship Community Outreach,836 E. Avenue I,,Lancaster,CA,93535,(661)729-4106,34.7039815,-118.1135045,Food Pantry,,,Sat2nd,1430,1630,,,,,,,,,,,,,,,,,,,,,
Lutheran Social Services of Southern California,21430 Strathern Street,,Canoga Park,CA,91304,(818)901-9480,34.214903,-118.5986508,Food Pantry,,,Tue,1000,1445,Wed,1000,1445,Thu,1000,1445,Fri,1000,1445,,,,,,,,,,,,
Lynwood All People's First Assembly,4330 Martin Luther King Jr. Boulevard,,Lynwood,CA,90262,(310)639-2010,33.9211561,-118.1884331,Food Pantry,,,Fri,2030,2130,,,,,,,,,,,,,,,,,,,,,
Lynwood United Methodist Church,4207 Carlin Avenue,,Lynwood,CA,90262,(310)638-5163,33.91217,-118.1966584,Food Pantry,,,Wed,0900,1200,,,,,,,,,,,,,,,,,,,,,
Maranatha S.D.A. Community Center,3569 W. Manchester Blvd.,,Inglewood,CA,90305,(323)971-3511,33.9602274,-118.3348393,Food Pantry,,,Sat2nd,1400,1500,Sat4th,1400,1500,,,,,,,,,,,,,,,,,,
Meet Each Need with Dignity,10641 San Fernando Road,,Pacoima,CA,91331,(818)686-7334,34.2630434,-118.4195782,Food Pantry,,,Tue,0800,1400,Thu,0800,1400,Fri,0800,1400,Sat,0900,1200,,,,,,,,,,,,
Metropolitan Community Churchof L.A.-Hope Net,4607 Prospect Avenue,,Los Angeles,CA,90027,(323)669-3436,34.102074,-118.2897866,Food Pantry,,,Sat,0900,1100,,,,,,,,,,,,,,,,,,,,,
Mexican-American Opportunity Foundation,401 N. Garfield Ave,,Montebello,CA,90640,(323)890-9600,34.0192364,-118.1337064,Food Pantry,,,Thu,0730,1200,,,,,,,,,,,,,,,,,,,,,
Mision Cristana Monte de Sion,6315 Eastern Avenue,,Bell Gardens,CA,90201,(562)544-4264,33.9768389,-118.1637179,Food Pantry,,,Tue,2030,2130,,,,,,,,,,,,,,,,,,,,,
Missionaries of Charity,10950 California Avenue,,Lynwood,CA,90262,(310)635-3264,33.9334265,-118.2080294,Food Pantry,,,Fri,1530,1700,,,,,,,,,,,,,,,,,,,,,
Montebello Watch,1033 South Maple Avenue,,Montebello,CA,90640,(626)810-5833,33.9953919,-118.124677,Food Pantry,,,Tue,1500,1800,Wed,1500,1800,Thu,1500,1800,,,,,,,,,,,,,,,
Mt. Sinai C.O.G.I.C.,936 W. Ninth Street,,Pomona,CA,91766,(909)868-0224,34.0510185,-117.7596455,Food Pantry,,,Sat3rd,1200,1400,,,,,,,,,,,,,,,,,,,,,
My Friends House,3533 West 58th Place,,Los Angeles,CA,90043,(323)292-4939,33.988368,-118.334148,Food Pantry,,,Wed,0900,1100,,,,,,,,,,,,,,,,,,,,,
New Covenant Tabernacle of Antelope Valley,38626 9th Street East,,Palmdale,CA,93550,(661)965-4588,34.585386,-118.114029,Food Pantry,,,Sat2nd,0900,1200,Sat4th,0900,1200,,,,,,,,,,,,,,,,,,
New Jerusalem C.O.G.I.C.,420 S. Sante Fe Avenue,,Compton,CA,90221,(310)639-1013,33.892894,-118.215494,Food Pantry,,,Fri1st,1000,1130,Fri3rd,1000,1130,,,,,,,,,,,,,,,,,,
New Life Community Church,5009 W. 119th Street,,Hawthorne,CA,90250,(310)676-6859,33.9258706,-118.3660822,Food Pantry,,,Sun,1200,1330,Wed,1400,1530,,,,,,,,,,,,,,,,,,
New Region For Christ,520 S. La Brea Ave,,Inglewood,CA,90301,(424)227-8657,33.9569988,-118.3527848,Food Pantry,,,Sat,1130,1300,,,,,,,,,,,,,,,,,,,,,
Normandie Community Development Food Pantry,3801 South Normandie Avenue,,Los Angeles,CA,90037,(323)731-7787,34.0170589,-118.3003684,Food Pantry,,,Sat4th,1145,1300,,,,,,,,,,,,,,,,,,,,,
North Hollywood Interfaith Food Pantry,4390 Colfax Avenue,,North Hollywood,CA,91604,(818)760-3575,34.1501988,-118.3872632,Food Pantry,http//www.nhifp.org/,,Mon,0900,1300,Fri,0900,1300,,,,,,,,,,,,,,,,,,
Norwalk Church of the Nazarene,15000 Studebaker Road,,Norwalk,CA,90650,(562)863-0911,33.8944743,-118.0995643,Food Pantry,,,Wed,1700,1900,,,,,,,,,,,,,,,,,,,,,
Nuevo Amanecer,1035 N. Avalon Boulevard,,Wilmington,CA,90744,(310)847-6937,33.784017,-118.263126,Food Pantry,,,Wed1st,1800,1930,Wed3rd,1800,1930,,,,,,,,,,,,,,,,,,
Our Lady of Guadalupe Church,4509 Mercury Avenue,,Los Angeles,CA,90032,(323)225-4201,34.0861589,-118.1901472,Food Pantry,,,Thu,0800,0900,,,,,,,,,,,,,,,,,,,,,
Our Lady of Talpa Church,427 S. Evergreen Ave.,,Los Angeles,CA,90033,(323)268-7731,34.036566,-118.205021,Food Pantry,,,Tue3rd,1300,1500,,,,,,,,,,,,,,,,,,,,,
Our Lady of Victory Conference,410 E. Palmer Street,,Compton,CA,90221,(310)631-5100,33.8983065,-118.2185064,Food Pantry,,,Fri3rd,0830,1000,SatLast,0830,1000,,,,,,,,,,,,,,,,,,
Our Lady Queen of Angels Catholic Church,535 N. Main Street,,Los Angeles,CA,90012,(213)629-3101,34.05707,-118.239577,Food Pantry,,,Fri,0800,1100,,,,,,,,,,,,,,,,,,,,,
Our Saviour Center,4368 Santa Anita Avenue,,EL Monte,CA,91731,(626)579-2190,34.0853655,-118.0293332,Food Pantry,,,Tue,1000,1300,Thu,1000,1300,,,,,,,,,,,,,,,,,,
Palmdale Community Foundation-S.A.V.E.S.,1002 East Avenue Q12,,Palmdale,CA,93550,(661)267-5191,34.5755254,-118.1114457,Food Pantry,,,Mon,0800,1700,Tue,0800,1700,Wed,0800,1700,Thu,0800,1700,,,,,,,,,,,,
Palmdale Foursquare Church,38325 10th Street East,,Palmdale,CA,93550,(661)947-2938,34.5784049,-118.1120551,Food Pantry,,,Tue4th,1000,1200,,,,,,,,,,,,,,,,,,,,,
Palmdale S.D.A. Church,1758 East Avenue R,,Palmdale,CA,93550,(661)947-8496,34.5722471,-118.0963705,Food Pantry,,,Wed1st,1000,1200,Wed3rd,1000,1200,,,,,,,,,,,,,,,,,,
Paramount Care Foundation,8303 Alondra Boulevard,,Paramount,CA,90723,(562)531-6820,33.889572,-118.154455,Food Pantry,,,Fri1st,0900,1000,Fri2nd,0900,1000,Fri3rd,0900,1000,Fri4th,0900,1000,,,,,,,,,,,,
Peace Lutheran Church,11690 Fenton Avenue,,Lake View Terrace,CA,91342,(818)899-3950,34.2823569,-118.3916075,Food Pantry,,,Sat2nd,0900,1100,Sat3rd,0900,1100,,,,,,,,,,,,,,,,,,
Pentecostal Church of God,2829 1/4 Fletcher Drive,,Los Angeles,CA,90039,(323)842-7888,34.1123662,-118.2494937,Food Pantry,,,Wed,1500,1700,,,,,,,,,,,,,,,,,,,,,
People for Community Improvement,13008 South Figueroa,,Los Angeles,CA,90061,(310)538-4013,33.913935,-118.282263,Food Pantry,,,Fri2nd,1100,1330,Fri4th,1100,1500,,,,,,,,,,,,,,,,,,
Pico Rivera Iglesia Crece,14832 Valley Blvd.,,La Puente,CA,91744,(562)895-4587,34.0317917,-117.970394,Food Pantry,,,Sat,0830,1030,,,,,,,,,,,,,,,,,,,,,
Pilgrim's Hope Baptist Church,7016 S. Compton Avenue,,Los Angeles,CA,90001,(323)581-7672,33.9759009,-118.2473905,Food Pantry,,,Wed2nd,0900,1100,,,,,,,,,,,,,,,,,,,,,
Pilipino Worker Center of Southern California,153 Glendale Boulevard,,Los Angeles,CA,90026,(213)250-4353,34.0634518,-118.2602462,Food Pantry,,,Fri,1800,1900,,,,,,,,,,,,,,,,,,,,,
Presentation of Mary Catholic,6406 Parmelee Avenue,,Los Angeles,CA,90001,(323)585-0570,33.9813266,-118.249548,Food Pantry,,,Sat3rd,0730,0830,,,,,,,,,,,,,,,,,,,,,
Prince of Peace Coalition,5700 Rudnick Avenue,,Woodland Hills,CA,91367,(818)346-5554,34.1732527,-118.6120677,Food Pantry,,,Mon,1000,1500,Tue,1000,1500,Wed,1000,1500,Thu,1000,1500,Fri,1000,1200,,,,,,,,,
Prince of Peace/Family Rescue,22103 Van Owen Street,,Canoga Park,CA,91303,(818)887-9386,34.1940869,-118.6085261,Food Pantry,,,Mon,0900,1300,Tue,0900,1300,Wed,0900,1300,Thu,0900,1300,Fri,0900,1300,,,,,,,,,
Principe de Paz,6706 Vinevale Avenue,,Bell,CA,90201,(323)560-3780,33.97426,-118.1809218,Food Pantry,,,Thu2nd,1100,1300,Thu4th,1100,1300,,,,,,,,,,,,,,,,,,
"Project 2911, A Community Development Corporation",418 N. Second Avenue,,Covina,CA,91723,(626)373-2976,34.0897447,-117.8874932,Food Pantry,,,Tue,1400,1730,Wed,1400,1600,Thu,1400,1730,Fri,1400,1600,,,,,,,,,,,,
RCCG Victory House of California,6640 Van Nuys Blvd.,,Van Nuys,CA,91411,(323)385-4442,34.191872,-118.4483031,Food Pantry,,,Sun,1230,1400,Tue,1030,1230,,,,,,,,,,,,,,,,,,
Redeemer Lutheran Outreach,20025 Chase Street,,Winnetka,CA,91306,(818)341-1629,34.2248564,-118.5698672,Food Pantry,,,Wed,1000,1430,Thu,1000,1430,Fri,1000,1430,,,,,,,,,,,,,,,
Redeemer Missionary Baptist Church,1631 W. Adams Boulevard,,Los Angeles,CA,90007,(323)732-4124,34.0331289,-118.2983987,Food Pantry,,,Sat,1000,1300,,,,,,,,,,,,,,,,,,,,,
Rehoboth Courage Church,425 E. Compton Boulevard,,Compton,CA,90220,(310)663-0789,33.8962309,-118.2185024,Food Pantry,,,Sat,1100,1200,,,,,,,,,,,,,,,,,,,,,
Resting Place Church,10803 Cantara St.,,Sun Valley,CA,91352,(818)588-1024,34.219583,-118.365132,Food Pantry,,,Wed,1000,1300,,,,,,,,,,,,,,,,,,,,,
Rock Solid Christian Assembly,867 W. 10th Street,,San Pedro,CA,90731,(310)832-2788,33.734896,-118.296113,Food Pantry,,,Sat2nd,1030,1130,Sat4th,1030,1130,,,,,,,,,,,,,,,,,,
Rosewood Church,10115 E. Rose Street,,Bellflower,CA,90706,(562)925-1443,33.8705097,-118.1180147,Food Pantry,,,Fri3rd,1500,1600,,,,,,,,,,,,,,,,,,,,,
Rosewood Revitalization Group,4101 Rosewood Avenue,,Los Angeles,CA,90004,(323)662-1194,34.0793451,-118.2932645,Food Pantry,,,Fri3rd,1530,1630,,,,,,,,,,,,,,,,,,,,,
S.A. Friendly Village Mobile Park,1301 east Ave. I,,Lancaster,CA,93535,(661)946-6267,34.7088457,-118.1055901,Food Pantry,,,Mon4th,0900,1100,,,,,,,,,,,,,,,,,,,,,
S.A. Mayflower Gardens,6570 West Avenue L-12,,Quartz Hill,CA,93536,(661)943-3228,34.6638843,-118.2231208,Food Pantry,,,Tue2nd,0900,1100,,,,,,,,,,,,,,,,,,,,,
S.A. Mountain View Mobile,3255 E. Ave R,,Palmdale,CA,93550,(661)947-4700,34.5732114,-118.0702161,Food Pantry,,,Tue2nd,1200,1400,,,,,,,,,,,,,,,,,,,,,
S.A. Pearblossom United Methodist,34143 126th Street East,,Pearblossom,CA,93553,(661)839-6123,34.505958,-117.905785,Food Pantry,,,Mon3rd,0900,1100,,,,,,,,,,,,,,,,,,,,,
S.A. Penney Lynn Wind,8300 Pearblossom Hwy,,Littlerock,CA,93543,(661)944-6100,34.5208321,-117.9811848,Food Pantry,,,Mon3rd,1200,1400,,,,,,,,,,,,,,,,,,,,,
S.V.P. All Souls Conference,1500 W. Main Street,,Alhambra,CA,91803,(626)281-0466,34.0911399,-118.1397892,Food Pantry,,,Thu3rd,1530,1730,,,,,,,,,,,,,,,,,,,,,
Sacred Heart Church,2210 Sichel Street,,Los Angeles,CA,90031,(323)221-3179,34.0703284,-118.2126261,Food Pantry,,,Thu1st,1000,1230,Thu3rd,1000,1230,,,,,,,,,,,,,,,,,,
Saint Mark Food Pantry,8305 S. Gramercy Place,,Los Angeles,CA,90047,(323)753-3535,33.9632286,-118.3136076,Food Pantry,,,Wed,1100,1130,Wed3rd,1100,1130,,,,,,,,,,,,,,,,,,
Salvation Army Redondo Beach,125 W. Beryl Street,,Redondo Beach,CA,90277,(310)318-2827,33.8469008,-118.3925479,Food Pantry,,,Mon,0900,1100,Tue,0900,1100,Wed,0900,1100,Thu,0900,1100,Fri,0900,1100,,,,,,,,,
Salvation Army Santa Clarita Valley Corps,22935 Lyons Avenue,,Newhall,CA,91321,(661)799-7486,34.3805004,-118.5341693,Food Pantry,,,Mon,0900,1500,Wed,0900,1500,Thu,0900,1500,Fri,0900,1500,,,,,,,,,,,,
Salvation Army Southeast Comm. Corp,2965 E. Gage Avenue,,Huntington Park,CA,90255,(323)587-4221,33.9814284,-118.2165004,Food Pantry,,,Thu,1300,1500,,,,,,,,,,,,,,,,,,,,,
Salvation Army- East L.A.,140 N. Eastman Avenue,,Los Angeles,CA,90063,(323)263-7577,34.036961,-118.1854747,Food Pantry,,,Mon,0900,1600,Tue,0900,1600,Wed,0900,1600,Thu,0900,1600,Fri,0900,1600,,,,,,,,,
Salvation Army- L.A. Central Corp,906 S. Francisco Street,,Los Angeles,CA,90015,(213)896-9178,34.0466096,-118.2646275,Food Pantry,,,Mon,0900,1600,Tue,0900,1600,Wed,1200,1600,Thu,1200,1600,,,,,,,,,,,,
Salvation Army- Lancaster Corp,44517 Sierra Highway,,Lancaster,CA,93534,(661)948-3418,34.6914947,-118.1362728,Food Pantry,,,Mon4th,1200,1600,Wed,0900,1030,,,,,,,,,,,,,,,,,,
Salvation Army- Santa Fe Springs,12000 E. Washington Boulevard,,Whittier,CA,90606,(562)696-9562,33.9676128,-118.0553469,Food Pantry,,,Tue,1300,1600,Wed,1300,1600,Thu,1300,1600,Fri,1300,1600,,,,,,,,,,,,
Salvation Army- South L.A.,7651 South Central Avenue,,Los Angeles,CA,90001,(323)586-0759,33.9698411,-118.2567313,Food Pantry,,,Wed,1100,1300,,,,,,,,,,,,,,,,,,,,,
Salvation Army- Whittier Corp.,7926 Pickering Avenue,,Whittier,CA,90602,(562)698-8348,33.9691227,-118.0417514,Food Pantry,,,Mon,1300,1445,Tue,1300,1445,Wed,1300,1445,Thu,1300,1445,Fri,1300,1445,,,,,,,,,
Salvation Army-Pasadena Tabernacle,1000 E.Walnut Street,,Pasadena,CA,91106,(626)773-4400,34.1493046,-118.1297902,Food Pantry,,,Mon,0900,1130,Tue,0900,1130,Wed,0900,1130,Thu,0900,1130,Fri,0900,1130,,,,,,,,,
Salvation Army-Pomona,490 E. La Verne Anenue,,Pomona,CA,91767-2800,(909)623-1579,34.0806833,-117.7434276,Food Pantry,,,Mon,0800,1600,Tue,0800,1200,Wed,0800,1600,Thu,0800,1200,Fri,0800,1600,,,,,,,,,
San Gabriel Mission,428 South Mission Drive,,San Gabriel,CA,91776,(626)457-3035,34.0971693,-118.1074142,Food Pantry,,,Sun,0800,1000,,,,,,,,,,,,,,,,,,,,,
San Gabriel Valley Y.W.C.A.,510 N. Vineland Avenue,,La Puente,CA,91746,(626)333-0294,34.051539,-117.986823,Food Pantry,,,Fri,0900,1100,,,,,,,,,,,,,,,,,,,,,
San Miguel Church,2214 E. 108th Street,,Los Angeles,CA,90059,(323)569-5951,33.9373243,-118.2324792,Food Pantry,,,Sat3rd,0800,0930,,,,,,,,,,,,,,,,,,,,,
San Pedro Temple Corps,138 S. Bandini Street,,San Pedro,CA,90731,(310)832-7228,33.7426596,-118.2986098,Food Pantry,,,Fri,0900,1200,Fri,1400,1500,,,,,,,,,,,,,,,,,,
Santa Clarita Valley Food Pantry,24133 Railroad Avenue,,Newhall,CA,91321,(661)255-9078,34.3765012,-118.5252054,Food Pantry,,,Fri3rd,0900,1200,,,,,,,,,,,,,,,,,,,,,
Servants Arms Community Based Organization,1720 N. Walnut Avenue,,La Puente,CA,91744,(626)918-3227,42.1077661,-87.9903638,Food Pantry,,,Tue,1500,1800,Thu,1500,1800,,,,,,,,,,,,,,,,,,
Shekinah Worship Center,42640 10th Street West,,Lancaster,CA,93534,(661)400-2570,34.6579322,-118.1471819,Food Pantry,,,SatLast,1330,1430,,,,,,,,,,,,,,,,,,,,,
Shepherd's Pantry,657 E. Arrow Highway,,Glendora,CA,91740,(626)852-7630,34.1070477,-117.8509722,Food Pantry,,,Wed,1700,1900,Thu,1700,1900,,,,,,,,,,,,,,,,,,
Shield of Faith Christian Center of Pasadena,1127 N. Lake Avenue,,Pasadena,CA,91104,(626)773-0505,34.1652586,-118.1327954,Food Pantry,,,Thu1st,1200,1400,Thu3rd,1200,1400,,,,,,,,,,,,,,,,,,
Shields for Families,11705 Deputy Yamamoto Place,,Lynwood,CA,90262,(323)242-5000,33.9268095,-118.229051,Food Pantry,,,Thu,1000,1400,,,,,,,,,,,,,,,,,,,,,
Silverlake Community Church-Hope Net,2930 Hyperion Ave,,Los Angeles,CA,90027,(323)663-3151,34.1098951,-118.2702749,Food Pantry,,,Wed,1730,1830,,,,,,,,,,,,,,,,,,,,,
Southeast Churches Service Center,2780 E. Gage Avenue,,Huntington Park,CA,90255,(323)585-8254,33.9814503,-118.2202826,Food Pantry,,,Mon,0900,1600,Tue,0900,1600,Wed,0900,1600,Thu,0900,1600,Fri,0900,1600,,,,,,,,,
Sowing Seeds for Life,1350 Arrow Hwy,,La Verne,CA,91750,(909)392-5777,34.100366,-117.785848,Food Pantry,,,Wed1st,1100,1600,Wed3rd,1100,1600,,,,,,,,,,,,,,,,,,
Spanish American S.D.A. Church,1815 E. Bridge Street,,Los Angeles,CA,90033,(323)222-7063,34.051615,-118.215201,Food Pantry,,,Wed,1800,1930,,,,,,,,,,,,,,,,,,,,,
St. Agnes Parish,2625 S. Vermont Avenue,,Los Angeles,CA,90007,(323)731-2464,34.0320812,-118.2918201,Food Pantry,,,Mon,0900,1030,Tue,0900,1030,Thu,0900,1030,Fri,0900,1030,,,,,,,,,,,,
St. Andrew Catholic Church,140 Chestnut Street,,Pasadena,CA,91103,(626) 79-4183,34.1501638,-118.1474523,Food Pantry,,,Sat,0900,1100,,,,,,,,,,,,,,,,,,,,,
St. Athanasius & St. Paul Church,840 Echo Park Avenue,,Los Angeles,CA,90026,(213)908-8827,34.0733551,-118.2591402,Food Pantry,,,Fri,0800,1030,,,,,,,,,,,,,,,,,,,,,
St. Brigid Catholic Church,5214 S. Western Avenue,,Los Angeles,CA,90062,(323)292-0781,33.9945347,-118.3086059,Food Pantry,,,Fri3rd,0930,1100,,,,,,,,,,,,,,,,,,,,,
St. Catherine Laboure Catholic,3846 Redondo Beach Boulevard,,Torrance,CA,90504,(310)329-0993,33.8781235,-118.3402114,Food Pantry,,,SatLast,1100,1300,,,,,,,,,,,,,,,,,,,,,
St. Cecilia Catholic Church,4230 S. Normandie Avenue,,Los Angeles,CA,90037,((32)) 2-6628,34.0059447,-118.2998211,Food Pantry,,,Sat3rd,0900,1030,,,,,,,,,,,,,,,,,,,,,
St. Charles Service Center,10825 Moorpark Street,,North Hollywood,CA,91602,(818)985-7365,34.1503878,-118.3663839,Food Pantry,,,Tue,0900,1145,Wed,0900,1145,Thu,0900,1145,Sat,0900,1145,,,,,,,,,,,,
St. Ferdinand Church,1109 Coronel Street,,San Fernando,CA,91340,(818)365-3194,34.2818972,-118.4436663,Food Pantry,,,Fri2nd,0900,1100,Fri4th,0900,1100,,,,,,,,,,,,,,,,,,
St. Francis Center,1835 S. Hope Street,,Los Angeles,CA,90015,(213)747-5347,34.0339876,-118.2697209,Food Pantry,,,Tue,1100,1230,Wed,1100,1230,Thu,1100,1230,Sat,1100,1230,,,,,,,,,,,,
St. George Church,15721 Cornuta Avenue,,Bellflower,CA,90706,(562)862-0273,33.8906177,-118.1198573,Food Pantry,,,Thu2nd,1600,1800,Thu4th,1600,1800,,,,,,,,,,,,,,,,,,
St. Gertrudes Conference,7025 Garfield Avenue,,Bell Gardens,CA,90201,(562)927-4495,33.9678794,-118.1506637,Food Pantry,,,Fri2nd,1100,1300,Fri4th,1100,1300,,,,,,,,,,,,,,,,,,
St. Helen Church,9314 Madison Avenue,,South Gate,CA,90280,(323)563-3522,33.9506409,-118.2138075,Food Pantry,,,Sat4th,0800,1000,,,,,,,,,,,,,,,,,,,,,
St. James Episcopal Church-Hope Net,3903 Wilshire Boulevard,,Los Angeles,CA,90010,(323)934-5870,34.062042,-118.3119697,Food Pantry,,,Thu,0800,0900,,,,,,,,,,,,,,,,,,,,,
St. John Coptic Orthodox,21329 E. Cienega Avenue,,Covina,CA,91724,(562)691-0299,34.103353,-117.838035,Food Pantry,,,Thu2nd,1700,1900,Thu4th,1700,1900,,,,,,,,,,,,,,,,,,
St. John Vianney Church,1345 Turnbull Canyon Road,,Hacienda Heights,CA,91745,(626)330-2269,34.0112629,-117.980451,Food Pantry,,,Sat,0830,1230,,,,,,,,,,,,,,,,,,,,,
St. John's Cathedral-Hope Net,514 W. Adams Boulevard,,Los Angeles,CA,90007,(213)747-6285,34.02741,-118.2756401,Food Pantry,,,Tue,0700,0830,Thu,0700,0830,,,,,,,,,,,,,,,,,,
St. Joseph Conference,1150 W. Holt Avenue,,Pomona,CA,91768,(909)469-9773,34.0613107,-117.7687845,Food Pantry,,,Mon,0900,1100,Wed,0900,1100,Fri,0900,1100,,,,,,,,,,,,,,,
St. Lawrence of Brindisi,10122 Compton Avenue,,Los Angeles,CA,90002,(323)567-1439,33.9443922,-118.2459688,Food Pantry,,,Tue,0700,0830,Thu,0700,0830,,,,,,,,,,,,,,,,,,
St. Luke Catholic Community,9451 Broadway,,Temple City,CA,91780,(626)291-5900,34.1001065,-118.0635668,Food Pantry,,,Fri,1300,1400,,,,,,,,,,,,,,,,,,,,,
St. Margaret's Center,10217 Inglewood Avenue,,Lennox,CA,90304,(310)672-2208,33.9429599,-118.3618262,Food Pantry,,,Mon,0900,1600,Wed,0900,1600,Fri,0900,1600,,,,,,,,,,,,,,,
St. Mark Missionary Baptist,5017 Compton Avenue,,Los Angeles,CA,90011,(323)231-1040,33.9970846,-118.2481042,Food Pantry,,,Wed,0800,1000,,,,,,,,,,,,,,,,,,,,,
St. Mary & St. Athanasius Coptic Church,17431 Roscoe Blvd.,,Northridge,CA,91325,(818)342-4414,34.2216778,-118.513091,Food Pantry,,,Sun3rd,0900,1400,Tue3rd,0900,1400,,,,,,,,,,,,,,,,,,
St. Mary's Place,7215 Newlin Avenue,,Whittier,CA,90602,(562)698-0107,33.9768912,-118.0412114,Food Pantry,,,Mon,0900,1200,Tue,0900,1200,Wed,0900,1200,Sat3rd,1200,1400,,,,,,,,,,,,
St. Paul's Methodist Church,2600 Nelson Avenue,,Redondo Beach,CA,90278,(310)370-4319,33.8745269,-118.3641598,Food Pantry,,,Thu1st,0900,1100,Thu3rd,0900,1100,,,,,,,,,,,,,,,,,,
St. Peter and Paul Poverty Program,943 Lagoon Avenue,,Wilmington,CA,90744,(310)952-0144,33.7823374,-118.267995,Food Pantry,,,Mon,0900,1100,Tue,0900,1100,Thu,0900,1100,,,,,,,,,,,,,,,
St. Philip's Episcopal Church,2800 Stanford Avenue,,Los Angeles,CA,90011,(323)291-8917,34.0186835,-118.2606782,Food Pantry,,,Tue2nd,0730,0830,Tue4th,0730,0830,,,,,,,,,,,,,,,,,,
St. Stephen's Community Outreach Program,122 Ramona Avenue,,Monterey Park,CA,91754,(626)573-9984,34.0616348,-118.1251851,Food Pantry,,,Sat,0930,1130,,,,,,,,,,,,,,,,,,,,,
St. Thomas Center,2727 W.  Pico Boulevard,,Los Angeles,CA,90006,(323)737-3325,34.0243687,-118.4608522,Food Pantry,,,Sat1st,0700,0900,Sat2nd,0700,0900,Sat3rd,0700,0900,,,,,,,,,,,,,,,
St. Vincent de Paul Church,621 W. Adams Boulevard,,Los Angeles,CA,90007,(213)749-8950,34.0288543,-118.2769163,Food Pantry,,,Thu,0800,1100,,,,,,,,,,,,,,,,,,,,,
Star Christian School,2120 Estrella Avenue,,Los Angeles,CA,90007,(213)746-6900,34.0324876,-118.2759117,Food Pantry,,,Sat2nd,0800,0900,Sat4th,0800,0900,,,,,,,,,,,,,,,,,,
Sunland Tujunga T.A.C.,7747 Foothill Boulevard,,Tujunga,CA,91042,(818)352-2421,34.2577962,-118.3009158,Food Pantry,,,Wed,0900,1130,Thu,0900,1130,Fri,0900,1130,,,,,,,,,,,,,,,
Tamarind Avenue S.D.A. Church,417 S. Tamarind Avenue,,Compton,CA,90220,(310)386-8803,33.892572,-118.2220425,Food Pantry,,,Tue4th,0900,1200,,,,,,,,,,,,,,,,,,,,,
Testimonial Community Love Ctr,5721 S. Western Avenue,,Los Angeles,CA,90062,(323)291-6753,33.9902077,-118.3094489,Food Pantry,,,Thu,0800,1030,,,,,,,,,,,,,,,,,,,,,
The Bible Tabernacle,16301 Sierra Highway,,Santa Clarita,CA,91351,(661)252-5087,34.4534526,-118.4252723,Food Pantry,,,Sun,1230,1700,Mon,0900,1700,Tue,0900,1700,Wed,0900,1700,Thu,0900,1700,Fri,0900,1700,Sat,0900,1700,,,
The Bible Tabernacle (Venice),1761 Washington Way,,Venice,CA,90291,(310)821-6116,33.9879884,-118.4626862,Food Pantry,,,Mon,0900,1200,Tue,0900,1200,Fri,0900,1200,,,,,,,,,,,,,,,
The Great Vision Church,4465 W. Melrose Avenue,,Los Angeles,CA,90029,(213)675-8291,34.0838228,-118.2975894,Food Pantry,,,Sat1st,0700,0800,Sat3rd,0700,0800,,,,,,,,,,,,,,,,,,
The Lord's Church,9701 Flower Street,,Bellflower,CA,90706,(562)866-8283,33.882343,-118.12727,Food Pantry,,,Wed2nd,2000,2100,Wed4th,2000,2100,,,,,,,,,,,,,,,,,,
Tongan Community Service Center,"13030 Inglewood Avenue, Suite.104",,Hawthorne,CA,90249,(310)679-9099,33.9137357,-118.3608819,Food Pantry,,,Tue1st,0700,1000,Tue3rd,0700,1000,,,,,,,,,,,,,,,,,,
Total Deliverance Church,45124 10th Street West,,Lancaster,CA,93535,(661)951-9881,34.7030871,-118.1472077,Food Pantry,,,Fri2nd,1100,1230,Fri4th,1100,1230,,,,,,,,,,,,,,,,,,
Travelers Rest Missionary B.C.,1417 E. Florence Avenue,,Los Angeles,CA,90001,(323)582-7797,33.9750605,-118.2493074,Food Pantry,,,Wed,1100,1300,,,,,,,,,,,,,,,,,,,,,
Trinity Baptist Church L.A.,2040 W. Jefferson Boulevard,,Los Angeles,CA,90018,(323)735-0044,34.0251148,-118.3161,Food Pantry,,,Wed,0930,1045,,,,,,,,,,,,,,,,,,,,,
Trinity Evangelical Lutheran Church,997 E. Walnut,,Pasadena,CA,91106,(626)792-1212,34.1500129,-118.1297586,Food Pantry,,,Tue,1200,1400,,,,,,,,,,,,,,,,,,,,,
Trinity Pantry Ministry,1450 West 7th Street,,San Pedro,CA,90732,(310)742-3279,33.738369,-118.308972,Food Pantry,,,Sun,0930,1050,Sun,1300,1500,Fri,0930,1050,Fri,1300,1500,Sat,0930,1050,Sat,1300,1500,,,,,,
Tujunga United Methodist Church,9901 Tujunga Canyon Boulevard,,Tujunga,CA,91042,(818)352-1481,34.2480625,-118.2772395,Food Pantry,,,Wed,1100,1300,Fri,1100,1300,Sat2nd,1000,1200,Sat4th,1000,1200,,,,,,,,,,,,
Twin Lakes Community Church,17213 Lake Los Angeles Avenue,,Lake Los Angeles,CA,93591,(661)264-1215,34.6072723,-117.8233091,Food Pantry,,,Sat2nd,0800,1130,,,,,,,,,,,,,,,,,,,,,
United African Church,1745 W. 55th Street,,Los Angeles,CA,90062,(323)766-0001,33.9924976,-118.3084069,Food Pantry,,,Sun1st,1300,1400,Sun3rd,1300,1400,,,,,,,,,,,,,,,,,,
United Gospel Outreach,7223 S. Main Street,,Los Angeles,CA,90003,(323)758-1213,33.974056,-118.274222,Food Pantry,,,Wed,1100,1300,,,,,,,,,,,,,,,,,,,,,
University S.D.A. Church,1135 Martin Luther Kin Jr. Boulevard,,Los Angeles,CA,90037,(323)766-9889,34.0111729,-118.2955869,Food Pantry,,,Wed,1300,1430,,,,,,,,,,,,,,,,,,,,,
Vallejo Drive S.D.A. Church,311-B Vallejo Drive,,Glendale,CA,91206,(818)409-8056,34.1507659,-118.2285903,Food Pantry,,,Thu3rd,1200,1500,,,,,,,,,,,,,,,,,,,,,
Valley Crossroads S.D.A. Church,11350 Glenoaks Blvd.,,Pacoima,CA,91331,(818)896-4488,34.2771851,-118.4148709,Food Pantry,,,Sat2nd,1430,1600,Sat4th,1430,1600,,,,,,,,,,,,,,,,,,
Vermont Avenue Baptist Church,23325 S. Vermont Ave.,,Torrance,CA,90502,(310)530-0533,33.8134945,-118.2910208,Food Pantry,,,Sat3rd,1000,1300,,,,,,,,,,,,,,,,,,,,,
Victory Baptist Church,4802 South McKinley Avenue,,Los Angeles,CA,90011,(323)231-2424,33.9999755,-118.2603428,Food Pantry,,,Fri,0800,1130,,,,,,,,,,,,,,,,,,,,,
Village Covenant,5607 N. Barranca Avenue,,Azusa,CA,91702,(626)335-4013,34.11485,-117.8821589,Food Pantry,,,Fri,0900,1500,,,,,,,,,,,,,,,,,,,,,
Vision of Hope Outreach Ministry,5951 S. San Pedro,,Los Angeles,CA,90003,(323)233-4647,33.9859277,-118.2697413,Food Pantry,,,Sat2nd,1500,1600,Sat4th,1500,1600,,,,,,,,,,,,,,,,,,
Visions Community Outreach,2300 S. Griffith Avenue,,Los Angeles,CA,90011,(310)920-1026,34.0220569,-118.255854,Food Pantry,,,Sat2nd,1000,1200,Sat4th,1000,1200,,,,,,,,,,,,,,,,,,
Wesley United Methodist Church,112 West 52nd Street,,Los Angeles,CA,90037,(323)298-0727,33.9953651,-118.2743249,Food Pantry,,,Thu,1030,1200,,,,,,,,,,,,,,,,,,,,,
West Adams Church of Christ,4959 W. Adams Boulevard,,Los Angeles,CA,90016,(323)731-6672,34.032789,-118.348501,Food Pantry,,,Fri3rd,1000,1100,Sat4th,1200,1400,,,,,,,,,,,,,,,,,,
West Angeles Community Corporation,3045 South Crenshaw Boulevard,,Los Angeles,CA,90016,(323)751-3440,34.026398,-118.335492,Food Pantry,,,Mon,0900,1300,Tues,0900,1300,Wed,0900,1300,,,,,,,,,,,,,,,
White Memorial S.D.A. Church,401 N. State Street,,Los Angeles,CA,90033,(323)264-2170,34.0492972,-118.2157793,Food Pantry,,,Tue1st,1000,1200,Tue3rd,1000,1200,,,,,,,,,,,,,,,,,,
Willowbrook Project Area Commission,11901 S. Willowbrook Avenue,,Los Angeles,CA,90059,(323)569-7676,33.9244622,-118.23627,Food Pantry,,,Wed3rd,1700,1900,Sat2nd,1000,1200,,,,,,,,,,,,,,,,,,
Wilshire Boulevard Temple Hope-Net,3663 Wilshire Boulevard,,Los Angeles,CA,90010,(213)388-2401,34.0621177,-118.3049672,Food Pantry,,,Sun,0830,0930,,,,,,,,,,,,,,,,,,,,,
Wilshire Presbyterian Church-Hope Net,309 S. Oxford Avenue,,Los Angeles,CA,90020,(213)387-5387,34.0685889,-118.308458,Food Pantry,,,Mon,1100,1200,,,,,,,,,,,,,,,,,,,,,
WSFB- Ocean Park Community Ctr,503 Olympic Boulevard,,Santa Monica,CA,90401,(310)450-4050,34.0135455,-118.4890914,Food Pantry,,,Tue,1300,1430,,,,,,,,,,,,,,,,,,,,,
WSFB- St. Augustine SAVES,3820 Jasmine Avenue,,Culver City,CA,90232,(310)838-2702,34.0212852,-118.4007884,Food Pantry,,,Mon,0900,1145,Wed,0900,1145,Fri,0900,1145,,,,,,,,,,,,,,,
WSFB- St. Gerard's Social Services,4439 Inglewood Boulevard,,Los Angeles,CA,90066,(310)390-5034,33.9952899,-118.4191511,Food Pantry,,,Tue,0900,1200,Tue,1300,1500,Thu,1300,1500,,,,,,,,,,,,,,,
WSFB- St. Joseph's Center,204 Hampton Drive,,Venice,CA,90291,(310)396-6468,33.9979527,-118.4779718,Food Pantry,,,Mon,1000,1200,Tue,1300,1500,Wed,1000,1200,Thu,1000,1200,Fri,1300,1500,,,,,,,,,
WSFB-St. Anne's Social Service,2013 Colorado Avenue,,Santa Monica,CA,90404,(310)829-4411,34.0266996,-118.4766044,Food Pantry,,,Wed,1600,1730,,,,,,,,,,,,,,,,,,,,,
Young Hwa United Methodist Church,214 S. Loma Drive,,Los Angeles,CA,90026,(213)413-4154,34.0607514,-118.2642047,Food Pantry,,,Sat2nd,1500,1545,Sat4th,1500,1645,,,,,,,,,,,,,,,,,,
Zion Hill Baptist Church,7860 10th Avenue,,Los Angeles,CA,90043,(323)753-4610,33.9678904,-118.3280831,Food Pantry,,,Tue1st,1000,1200,Tue3rd,1000,1200,,,,,,,,,,,,,,,,,,